KEY_ISTAT_COMUNE,DESC_COMUNE,CLASSE_A_PIU,CLASSE_A,CLASSE_B,CLASSE_C,CLASSE_D,CLASSE_E,CLASSE_F,CLASSE_G,CLASSE_NC
001001,AGLIE',8,0,21,37,37,25,51,50,33
001002,AIRASCA,1,1,7,33,38,32,33,39,20
001003,ALA DI STURA,0,0,0,1,7,4,6,20,43
001004,ALBIANO D'IVREA,1,2,7,22,26,19,13,18,21
001005,ALICE SUPERIORE,0,1,0,3,4,3,6,6,12
001006,ALMESE,11,13,34,68,74,51,46,71,43
001007,ALPETTE,0,0,0,0,2,2,2,16,9
001008,ALPIGNANO,1,2,76,238,264,159,148,175,62
001009,ANDEZENO,0,6,12,27,35,22,15,26,18
001010,ANDRATE,0,0,2,0,5,1,1,9,10
001011,ANGROGNA,0,1,2,2,3,3,16,21,42
001012,ARIGNANO,0,0,5,15,20,11,8,11,10
001013,AVIGLIANA,3,18,122,163,197,164,133,188,80
001014,AZEGLIO,0,0,2,4,3,5,6,14,23
001015,BAIRO,0,0,5,15,4,7,5,3,12
001016,BALANGERO,8,18,11,14,31,19,18,36,37
001017,BALDISSERO CANAVESE,0,0,1,5,2,5,4,10,2
001018,BALDISSERO TORINESE,1,3,16,39,63,34,27,40,24
001019,BALME,0,0,0,0,4,3,6,9,25
001020,BANCHETTE,1,3,4,51,61,67,30,35,13
001021,BARBANIA,0,1,10,17,9,12,17,20,19
001022,BARDONECCHIA,11,26,82,345,340,225,126,132,46
001023,BARONE CANAVESE,0,0,0,2,8,2,4,13,8
001024,BEINASCO,0,7,64,270,282,234,160,214,66
001025,BIBIANA,0,0,16,33,36,44,32,46,33
001026,BOBBIO PELLICE,0,0,0,4,5,4,4,10,55
001027,BOLLENGO,0,6,16,17,18,15,19,10,27
001028,BORGARO TORINESE,0,62,79,230,199,109,102,87,27
001029,BORGIALLO,0,0,2,1,4,11,8,9,20
001030,BORGOFRANCO D'IVREA,0,9,8,23,22,20,26,49,31
001031,BORGOMASINO,0,0,1,3,5,3,5,6,14
001032,BORGONE SUSA,1,3,9,19,37,21,26,44,46
001033,BOSCONERO,0,0,6,21,27,33,23,35,13
001034,BRANDIZZO,1,15,129,156,109,85,63,76,53
001035,BRICHERASIO,0,1,25,97,65,59,36,41,25
001036,BROSSO,0,0,0,0,2,2,6,10,12
001037,BROZOLO,0,0,1,1,1,6,2,9,7
001038,BRUINO,0,10,111,92,115,104,70,79,28
001039,BRUSASCO,0,0,7,11,16,18,29,33,13
001040,BRUZOLO,0,1,9,14,17,13,11,17,30
001041,BURIASCO,0,0,3,9,7,17,7,10,18
001042,BUROLO,0,1,7,7,10,10,14,10,17
001043,BUSANO,0,3,15,31,14,15,12,24,10
001044,BUSSOLENO,0,1,10,59,52,48,42,74,70
001045,BUTTIGLIERA ALTA,0,1,26,43,58,75,69,82,37
001046,CAFASSE,0,1,9,24,34,37,53,39,22
001047,CALUSO,0,27,104,75,56,43,86,120,53
001048,CAMBIANO,0,1,27,80,67,69,53,56,21
001049,CAMPIGLIONE-FENILE,0,3,9,10,12,15,7,13,4
001050,CANDIA CANAVESE,0,1,6,7,16,14,7,28,19
001051,CANDIOLO,4,2,34,89,77,54,47,43,16
001052,CANISCHIO,0,0,0,0,2,1,1,2,9
001053,CANTALUPA,0,2,16,45,45,28,19,26,29
001054,CANTOIRA,0,0,9,18,4,5,11,27,37
001055,CAPRIE,0,0,25,9,17,14,14,49,41
001056,CARAVINO,0,0,0,3,8,3,6,20,21
001057,CAREMA,0,0,4,3,4,4,2,11,3
001058,CARIGNANO,0,1,37,107,142,109,78,145,56
001059,CARMAGNOLA,0,10,183,431,462,326,251,291,88
001060,CASALBORGONE,0,1,12,18,25,28,21,14,27
001061,CASCINETTE D'IVREA,1,0,8,8,8,9,9,12,20
001062,CASELETTE,0,5,20,32,35,29,26,29,13
001063,CASELLE TORINESE,0,21,164,253,297,176,142,197,100
001064,CASTAGNETO PO,0,3,10,42,30,24,13,20,8
001065,CASTAGNOLE PIEMONTE,0,0,8,40,28,20,13,24,21
001066,CASTELLAMONTE,0,5,22,100,114,83,71,194,154
001067,CASTELNUOVO NIGRA,0,0,0,0,0,2,5,7,19
001068,CASTIGLIONE TORINESE,3,1,49,113,97,73,53,83,47
001069,CAVAGNOLO,1,0,0,15,37,29,29,41,21
001070,CAVOUR,0,0,18,83,84,79,60,85,58
001071,CERCENASCO,0,0,9,18,18,14,10,19,13
001072,CERES,0,0,0,16,3,4,6,19,62
001073,CERESOLE REALE,0,0,0,16,11,5,4,9,14
001074,CESANA TORINESE,0,5,46,137,124,94,58,67,44
001075,CHIALAMBERTO,0,0,1,3,5,5,9,12,37
001076,CHIANOCCO,0,0,16,11,13,10,9,12,18
001077,CHIAVERANO,0,0,3,4,9,6,10,20,26
001078,CHIERI,43,52,250,667,636,415,329,341,126
001079,CHIESANUOVA,0,0,1,3,3,3,3,5,7
001080,CHIOMONTE,0,0,2,8,16,13,16,41,42
001081,CHIUSA DI SAN MICHELE,0,0,2,19,21,15,21,33,18
001082,CHIVASSO,6,55,272,514,392,253,197,270,96
001083,CICONIO,0,0,1,1,2,0,4,5,2
001084,CINTANO,0,0,1,3,0,3,1,6,8
001085,CINZANO,0,0,0,3,3,4,3,1,5
001086,CIRIE',6,12,110,303,344,276,243,274,72
001087,CLAVIERE,0,0,6,13,20,23,22,21,5
001088,COASSOLO TORINESE,1,1,0,2,6,7,10,25,24
001089,COAZZE,1,0,17,32,43,43,40,92,109
001090,COLLEGNO,1,24,207,619,865,550,435,499,154
001091,COLLERETTO CASTELNUOVO,0,0,1,2,5,4,6,15,14
001092,COLLERETTO GIACOSA,0,0,1,6,2,3,6,11,6
001093,CONDOVE,0,0,24,49,61,56,61,103,89
001094,CORIO,0,1,5,16,16,21,26,76,138
001095,COSSANO CANAVESE,0,1,0,0,1,0,3,7,9
001096,CUCEGLIO,0,0,5,14,19,7,5,10,17
001097,CUMIANA,2,13,57,86,115,97,86,141,104
001098,CUORGNE',0,1,31,93,119,111,92,177,108
001099,DRUENTO,4,39,61,98,89,112,80,128,60
001100,EXILLES,0,0,0,0,1,0,0,4,20
001101,FAVRIA,0,2,11,64,71,46,32,59,37
001102,FELETTO,2,1,2,14,32,21,19,24,23
001103,FENESTRELLE,0,0,2,6,14,14,17,29,55
001104,FIANO,0,0,4,22,23,30,33,34,18
001105,FIORANO CANAVESE,0,1,1,2,2,4,25,9,3
001106,FOGLIZZO,0,5,15,28,32,19,23,41,24
001107,FORNO CANAVESE,0,0,9,18,16,17,15,35,38
001108,FRASSINETTO,0,0,0,1,1,2,3,10,26
001109,FRONT,0,0,4,16,9,7,18,27,20
001110,FROSSASCO,1,0,53,38,36,36,33,45,24
001111,GARZIGLIANA,0,0,5,8,12,5,5,8,8
001112,GASSINO TORINESE,1,4,17,124,151,90,74,136,85
001113,GERMAGNANO,1,0,1,4,7,7,2,16,16
001114,GIAGLIONE,0,0,0,4,1,2,2,9,8
001115,GIAVENO,0,9,114,236,271,180,172,258,242
001116,GIVOLETTO,0,5,80,85,62,26,31,35,18
001117,GRAVERE,0,0,4,12,10,13,11,16,24
001118,GROSCAVALLO,0,0,0,2,1,2,5,18,35
001119,GROSSO,0,0,4,8,6,9,7,10,13
001120,GRUGLIASCO,0,27,174,400,490,419,318,394,97
001121,INGRIA,0,0,0,0,0,0,1,0,10
001122,INVERSO PINASCA,0,0,0,3,16,8,6,8,8
001123,ISOLABELLA,0,0,1,0,3,4,2,2,3
001124,ISSIGLIO,0,0,2,3,1,2,6,6,5
001125,IVREA,8,29,111,309,348,318,308,360,152
001126,LA CASSA,2,0,5,20,16,18,20,20,7
001127,LA LOGGIA,1,5,170,413,141,78,62,87,29
001128,LANZO TORINESE,2,15,22,35,54,69,53,95,62
001129,LAURIANO,3,0,4,15,23,19,29,26,27
001130,LEINI',6,53,168,346,242,172,122,207,91
001131,LEMIE,0,0,0,0,0,0,0,13,44
001132,LESSOLO,0,2,4,5,12,12,9,15,18
001133,LEVONE,0,0,1,1,5,2,3,9,9
001134,LOCANA,0,0,0,4,9,13,8,27,59
001135,LOMBARDORE,0,0,16,30,24,29,16,35,7
001136,LOMBRIASCO,0,0,1,27,13,8,2,10,4
001137,LORANZE',1,2,16,10,8,7,10,15,6
001138,LUGNACCO,0,0,1,3,1,1,4,6,8
001139,LUSERNA SAN GIOVANNI,0,11,29,62,112,114,94,120,84
001140,LUSERNETTA,0,0,0,3,4,3,5,10,16
001141,LUSIGLIE',0,0,1,5,3,5,2,11,11
001142,MACELLO,0,0,3,7,11,10,14,13,5
001143,MAGLIONE,0,0,0,0,2,2,2,5,6
001144,MARENTINO,0,0,2,9,19,9,6,12,6
001145,MASSELLO,0,0,0,0,2,3,0,8,13
001146,MATHI,0,0,7,14,25,24,25,47,30
001147,MATTIE,0,0,2,1,2,0,2,9,31
001148,MAZZE',0,13,24,51,33,45,29,62,33
001149,MEANA DI SUSA,0,0,1,4,3,4,12,21,23
001150,MERCENASCO,0,0,1,5,14,14,5,17,22
001151,MEUGLIANO,1,0,0,0,0,0,0,1,4
001152,MEZZENILE,0,0,0,1,4,4,4,16,26
001153,MOMBELLO DI TORINO,0,0,0,2,2,2,1,8,5
001154,MOMPANTERO,0,0,0,3,3,2,1,7,19
001155,MONASTERO DI LANZO,0,0,0,4,2,3,2,6,22
001156,MONCALIERI,11,37,370,772,829,630,508,733,235
001157,MONCENISIO,0,0,0,0,0,1,2,6,5
001158,MONTALDO TORINESE,0,2,1,1,9,11,10,6,3
001159,MONTALENGHE,0,0,3,11,7,8,8,16,19
001160,MONTALTO DORA,0,1,7,31,34,24,22,31,15
001161,MONTANARO,1,7,37,52,42,57,61,67,48
001162,MONTEU DA PO,0,0,2,6,8,7,11,26,9
001163,MORIONDO TORINESE,0,1,1,6,6,13,7,12,7
001164,NICHELINO,1,14,89,569,552,376,305,393,165
001165,NOASCA,0,0,0,0,3,3,2,3,14
001166,NOLE,0,2,25,46,68,61,63,62,50
001167,NOMAGLIO,0,0,3,2,2,2,0,5,8
001168,NONE,1,4,24,78,112,91,95,115,30
001169,NOVALESA,1,0,0,0,2,1,5,8,16
001170,OGLIANICO,0,0,13,7,11,8,9,19,17
001171,ORBASSANO,13,52,204,377,423,240,207,276,111
001172,ORIO CANAVESE,0,1,4,6,7,5,3,7,6
001173,OSASCO,0,0,16,28,18,10,7,9,5
001174,OSASIO,0,0,19,19,10,5,4,13,9
001175,OULX,2,11,78,210,215,119,90,101,53
001176,OZEGNA,0,0,7,13,11,7,3,15,11
001177,PALAZZO CANAVESE,0,0,0,1,1,2,4,4,18
001178,PANCALIERI,0,1,5,25,31,21,13,19,14
001179,PARELLA,0,1,1,1,3,4,5,7,6
001180,PAVAROLO,0,0,18,6,10,7,5,8,5
001181,PAVONE CANAVESE,0,8,8,32,44,28,22,28,26
001182,PECCO,0,0,0,0,2,0,0,4,6
001183,PECETTO TORINESE,0,14,36,74,61,46,34,48,14
001184,PEROSA ARGENTINA,0,2,20,23,57,60,48,70,64
001185,PEROSA CANAVESE,0,0,2,1,2,3,5,4,4
001186,PERRERO,0,0,0,4,4,32,11,19,49
001187,PERTUSIO,0,0,3,9,5,9,9,4,7
001188,PESSINETTO,0,0,0,1,1,1,2,12,27
001189,PIANEZZA,9,30,187,191,212,121,83,122,56
001190,PINASCA,0,0,10,24,22,29,21,63,64
001191,PINEROLO,4,63,170,603,694,699,486,503,220
001192,PINO TORINESE,3,2,39,110,132,89,91,101,33
001193,PIOBESI TORINESE,0,3,29,98,67,44,26,51,19
001194,PIOSSASCO,1,24,104,198,227,163,157,218,78
001195,PISCINA,0,0,20,28,28,39,25,50,16
001196,PIVERONE,0,0,1,4,5,9,9,13,17
001197,POIRINO,2,6,101,161,149,114,94,106,34
001198,POMARETTO,0,0,0,4,14,24,7,16,29
001199,PONT-CANAVESE,0,2,5,11,17,25,20,66,105
001200,PORTE,0,0,6,22,15,15,5,15,9
001201,PRAGELATO,0,4,27,125,168,90,46,62,29
001202,PRALI,0,0,6,10,40,34,19,32,21
001203,PRALORMO,0,0,13,37,20,14,12,16,18
001204,PRAMOLLO,0,0,0,0,1,10,7,7,20
001205,PRAROSTINO,0,0,1,2,8,7,8,13,19
001206,PRASCORSANO,0,0,1,0,4,3,1,7,10
001207,PRATIGLIONE,0,0,2,3,5,4,1,6,16
001208,QUAGLIUZZO,0,0,0,4,4,1,3,3,6
001209,QUASSOLO,0,0,0,1,0,2,2,2,5
001210,QUINCINETTO,0,0,5,11,8,6,0,14,12
001211,REANO,1,4,17,17,25,18,10,28,20
001212,RIBORDONE,0,0,0,0,0,2,0,8,11
001213,RIVALBA,1,0,5,4,12,10,8,12,7
001214,RIVALTA DI TORINO,6,11,188,389,294,171,136,182,71
001215,RIVA PRESSO CHIERI,1,14,58,62,76,58,33,32,11
001216,RIVARA,0,2,17,30,25,20,10,30,26
001217,RIVAROLO CANAVESE,5,22,109,236,242,155,143,219,94
001218,RIVAROSSA,0,5,1,15,17,10,10,22,11
001219,RIVOLI,25,27,369,831,857,564,484,515,142
001220,ROBASSOMERO,0,4,19,34,46,47,44,36,14
001221,ROCCA CANAVESE,0,0,7,11,8,10,14,30,44
001222,ROLETTO,1,0,13,19,27,16,14,32,16
001223,ROMANO CANAVESE,0,0,3,12,23,21,13,34,18
001224,RONCO CANAVESE,0,0,0,1,3,7,7,8,29
001225,RONDISSONE,1,4,21,30,23,30,13,33,11
001226,RORA',0,0,0,5,1,0,4,8,36
001227,ROURE,0,0,2,11,15,17,18,38,35
001228,ROSTA,1,7,62,127,64,31,34,41,29
001229,RUBIANA,0,1,9,17,11,29,31,71,73
001230,RUEGLIO,0,0,2,4,3,4,11,8,31
001231,SALASSA,0,2,45,11,15,16,8,6,15
001232,SALBERTRAND,0,0,11,12,3,9,5,13,13
001233,SALERANO CANAVESE,0,0,0,0,5,2,6,10,2
001234,SALZA DI PINEROLO,0,0,0,0,0,0,0,6,8
001235,SAMONE,0,0,4,13,12,14,21,19,14
001236,SAN BENIGNO CANAVESE,0,15,73,95,78,62,53,81,18
001237,SAN CARLO CANAVESE,0,0,25,46,40,36,31,48,23
001238,SAN COLOMBANO BELMONTE,0,0,1,0,6,3,0,3,3
001239,SAN DIDERO,0,0,2,6,3,2,1,3,3
001240,SAN FRANCESCO AL CAMPO,0,18,42,79,63,49,33,50,28
001241,SANGANO,1,4,8,28,30,32,26,30,14
001242,SAN GERMANO CHISONE,0,0,6,9,12,24,18,31,39
001243,SAN GILLIO,22,5,21,54,40,42,22,22,17
001244,SAN GIORGIO CANAVESE,0,0,8,46,35,22,28,47,35
001245,SAN GIORIO DI SUSA,1,0,1,7,6,10,16,22,44
001246,SAN GIUSTO CANAVESE,3,0,11,59,49,39,18,28,16
001247,SAN MARTINO CANAVESE,0,0,5,4,3,2,9,13,7
001248,SAN MAURIZIO CANAVESE,18,15,73,180,179,104,76,109,43
001249,SAN MAURO TORINESE,1,13,51,252,221,174,146,226,133
001250,SAN PIETRO VAL LEMINA,0,2,10,5,15,15,20,30,26
001251,SAN PONSO,0,0,0,4,0,1,0,1,3
001252,SAN RAFFAELE CIMENA,7,4,21,62,44,30,34,48,26
001253,SAN SEBASTIANO DA PO,0,0,9,14,24,13,26,25,22
001254,SAN SECONDO DI PINEROLO,16,23,20,73,49,45,28,50,18
001255,SANT'AMBROGIO DI TORINO,0,1,12,45,49,34,46,52,32
001256,SANT'ANTONINO DI SUSA,0,1,7,47,60,45,42,87,35
001257,SANTENA,8,12,67,118,99,85,73,92,23
001258,SAUZE DI CESANA,0,0,13,146,173,89,35,15,6
001259,SAUZE D'OULX,0,18,20,108,169,136,92,141,46
001260,SCALENGHE,1,12,21,37,33,35,21,37,37
001261,SCARMAGNO,1,0,3,13,5,5,3,11,4
001262,SCIOLZE,1,0,2,12,11,20,4,16,14
001263,SESTRIERE,1,8,85,228,188,55,51,43,9
001264,SETTIMO ROTTARO,0,0,2,0,1,0,1,7,10
001265,SETTIMO TORINESE,5,84,209,483,578,550,398,569,134
001266,SETTIMO VITTONE,0,0,5,13,10,11,4,10,20
001267,SPARONE,0,0,0,0,9,7,6,8,17
001268,STRAMBINELLO,0,0,0,1,1,0,1,0,1
001269,STRAMBINO,2,6,59,88,95,55,59,72,80
001270,SUSA,1,3,9,26,64,56,67,70,84
001271,TAVAGNASCO,0,0,2,3,6,3,6,15,9
001272,TORINO,86,254,2247,12217,18180,13339,10489,12019,4394
001273,TORRAZZA PIEMONTE,0,7,69,46,46,26,21,26,19
001274,TORRE CANAVESE,0,0,5,8,11,6,13,6,7
001275,TORRE PELLICE,0,2,29,81,124,126,88,132,112
001276,TRANA,0,2,29,56,39,25,31,41,28
001277,TRAUSELLA,0,0,0,0,3,1,0,2,4
001278,TRAVERSELLA,1,0,0,1,0,2,3,5,22
001279,TRAVES,0,0,0,2,1,2,4,7,29
001280,TROFARELLO,1,21,41,160,176,128,83,95,62
001281,USSEAUX,0,0,4,12,7,5,8,12,12
001282,USSEGLIO,0,0,1,0,1,1,1,10,21
001283,VAIE,0,0,1,6,14,10,15,27,25
001284,VAL DELLA TORRE,3,1,22,79,69,66,38,79,36
001285,VALGIOIE,0,0,4,16,20,16,20,27,21
001286,VALLO TORINESE,0,0,0,1,5,6,3,19,13
001287,VALPERGA,0,3,12,26,16,11,14,31,30
001288,VALPRATO SOANA,0,0,0,3,0,0,0,3,24
001289,VARISELLA,0,0,4,3,2,7,7,17,9
001290,VAUDA CANAVESE,0,0,3,1,16,11,9,17,15
001291,VENAUS,0,0,0,1,3,2,1,7,17
001292,VENARIA REALE,3,2,94,397,508,426,356,305,72
001293,VEROLENGO,1,6,11,68,52,38,43,48,35
001294,VERRUA SAVOIA,0,0,1,5,5,12,20,20,22
001295,VESTIGNE',0,0,0,0,3,1,5,9,12
001296,VIALFRE',0,1,0,2,1,2,2,5,2
001297,VICO CANAVESE,0,0,0,1,1,1,7,12,28
001298,VIDRACCO,0,1,12,5,0,4,2,5,4
001299,VIGONE,0,1,12,51,76,68,58,91,57
001300,VILLAFRANCA PIEMONTE,4,0,24,47,55,46,45,53,38
001301,VILLANOVA CANAVESE,0,0,19,40,5,11,7,16,10
001302,VILLARBASSE,0,6,33,62,61,43,27,45,22
001303,VILLAR DORA,0,0,7,36,31,34,26,28,18
001304,VILLAREGGIA,0,10,9,3,6,8,4,8,12
001305,VILLAR FOCCHIARDO,0,0,16,8,14,19,28,44,35
001306,VILLAR PELLICE,0,0,0,2,7,8,10,21,32
001307,VILLAR PEROSA,0,1,9,27,36,36,46,77,52
001308,VILLASTELLONE,0,0,3,33,50,32,40,49,8
001309,VINOVO,3,23,166,209,216,145,117,176,65
001310,VIRLE PIEMONTE,0,0,1,23,11,22,22,13,8
001311,VISCHE,0,0,0,2,13,19,5,12,16
001312,VISTRORIO,0,1,0,6,2,5,5,7,6
001313,VIU',0,0,0,11,14,11,9,32,81
001314,VOLPIANO,0,25,159,269,227,171,133,146,46
001315,VOLVERA,18,21,93,112,116,93,69,84,38
002002,ALAGNA VALSESIA,0,1,8,13,12,6,15,23,23
002003,ALBANO VERCELLESE,0,0,1,3,1,0,0,2,10
002004,ALICE CASTELLO,0,1,2,17,21,11,9,25,17
002006,ARBORIO,0,0,2,1,3,3,6,5,15
002007,ASIGLIANO VERCELLESE,0,0,9,4,7,13,9,22,12
002008,BALMUCCIA,0,0,0,0,0,0,1,2,7
002009,BALOCCO,0,0,0,0,0,1,1,2,1
002011,BIANZE',0,0,2,14,9,22,17,22,23
002014,BOCCIOLETO,0,0,0,0,0,0,2,3,8
002015,BORGO D'ALE,0,0,3,5,15,9,11,20,23
002016,BORGOSESIA,1,2,61,76,135,101,108,164,137
002017,BORGO VERCELLI,0,1,17,27,27,27,17,24,29
002019,BREIA,0,0,0,1,2,2,0,2,4
002021,BURONZO,0,0,2,2,6,7,7,8,18
002025,CAMPERTOGNO,0,0,0,20,15,5,4,8,19
002029,CARCOFORO,0,0,0,0,0,1,2,2,4
002030,CARESANA,0,0,0,4,2,10,4,24,16
002031,CARESANABLOT,0,2,9,10,18,5,9,12,8
002032,CARISIO,0,1,2,2,4,2,3,2,9
002033,CASANOVA ELVO,0,0,0,0,0,1,1,3,6
002035,SAN GIACOMO VERCELLESE,0,0,0,0,0,1,2,3,11
002038,CELLIO,0,0,1,4,2,6,10,17,26
002041,CERVATTO,0,0,0,0,0,0,2,6,3
002042,CIGLIANO,4,0,27,41,42,27,19,42,47
002043,CIVIASCO,0,0,0,0,0,1,1,2,9
002045,COLLOBIANO,0,2,0,0,0,1,1,2,2
002047,COSTANZANA,0,0,0,6,5,7,4,16,7
002048,CRAVAGLIANA,0,0,0,2,1,0,2,4,5
002049,CRESCENTINO,1,3,32,79,108,74,73,94,63
002052,CROVA,0,0,1,0,3,0,2,4,11
002054,DESANA,0,0,4,16,12,7,8,8,9
002127,SALI VERCELLESE,0,0,0,0,0,0,1,4,1
002128,SALUGGIA,0,2,23,25,36,43,31,50,28
002131,SAN GERMANO VERCELLESE,0,0,0,9,6,6,12,33,24
002133,SANTHIA',2,1,13,85,134,101,91,161,73
002134,SCOPA,0,0,2,2,3,9,10,19,15
002135,SCOPELLO,0,0,4,20,20,18,25,58,37
002137,SERRAVALLE SESIA,1,2,6,18,40,21,25,57,42
002142,STROPPIANA,0,2,7,5,13,3,8,14,12
002147,TRICERRO,0,2,6,8,8,1,7,12,11
002148,TRINO,6,2,10,70,91,77,60,59,44
002150,TRONZANO VERCELLESE,0,0,7,16,30,37,13,43,46
002152,VALDUGGIA,0,0,5,11,19,13,11,22,28
002156,VARALLO,0,5,25,50,55,64,60,91,75
002158,VERCELLI,1,51,104,601,890,679,570,745,266
002163,VILLARBOIT,0,0,0,1,1,1,3,7,8
002164,VILLATA,0,0,3,14,10,10,5,19,16
002166,VOCCA,0,0,0,0,0,2,2,4,7
003001,AGRATE CONTURBIA,0,1,9,52,26,18,10,15,25
003002,AMENO,0,3,3,5,8,3,4,29,24
003006,ARMENO,0,0,5,16,15,9,16,40,42
003008,ARONA,5,13,86,273,296,240,236,390,144
003012,BARENGO,0,0,3,2,2,8,4,14,10
003016,BELLINZAGO NOVARESE,0,2,37,198,126,71,55,70,52
003018,BIANDRATE,2,2,14,11,7,9,8,12,5
003019,BOCA,1,1,10,12,3,7,7,19,18
003021,BOGOGNO,20,20,64,37,37,21,8,10,12
003022,BOLZANO NOVARESE,0,0,1,27,9,11,4,12,15
003023,BORGOLAVEZZARO,0,1,14,23,15,12,18,27,8
003024,BORGOMANERO,12,39,234,496,366,251,195,231,130
003025,BORGO TICINO,2,4,32,84,100,56,41,56,39
003026,BRIGA NOVARESE,2,0,7,24,40,31,12,27,21
003027,BRIONA,0,0,3,12,9,11,10,16,9
003030,CALTIGNAGA,2,1,9,57,45,18,17,30,14
003032,CAMERI,0,5,72,146,119,95,84,93,55
003036,CARPIGNANO SESIA,1,1,18,14,27,13,13,24,16
003037,CASALBELTRAME,0,0,7,10,10,8,4,9,7
003039,CASALEGGIO NOVARA,0,1,4,7,5,2,3,13,6
003040,CASALINO,0,0,11,19,16,15,9,29,16
003041,CASALVOLONE,0,0,1,6,7,3,4,5,7
003042,CASTELLAZZO NOVARESE,0,0,1,1,3,2,6,4,6
003043,CASTELLETTO SOPRA TICINO,15,15,60,135,157,122,100,190,124
003044,CAVAGLIETTO,0,0,1,1,0,1,2,3,6
003045,CAVAGLIO D'AGOGNA,0,2,2,11,11,8,9,9,9
003047,CAVALLIRIO,0,0,11,20,12,5,6,6,18
003049,CERANO,1,0,26,41,37,35,34,82,53
003051,COLAZZA,1,0,1,8,7,7,12,25,15
003052,COMIGNAGO,0,0,7,17,12,15,12,12,7
003055,CRESSA,0,1,14,25,8,7,6,6,12
003058,CUREGGIO,0,1,13,28,20,24,9,21,15
003060,DIVIGNANO,0,1,7,20,10,11,8,11,8
003062,DORMELLETTO,0,3,7,35,49,33,26,50,25
003065,FARA NOVARESE,1,1,7,5,11,11,11,18,19
003066,FONTANETO D'AGOGNA,5,3,15,30,22,13,9,29,26
003068,GALLIATE,8,13,101,235,169,135,125,182,97
003069,GARBAGNA NOVARESE,0,1,20,12,21,11,12,10,5
003070,GARGALLO,0,0,16,24,7,15,5,10,6
003071,GATTICO,0,4,20,43,44,23,18,37,24
003073,GHEMME,0,2,5,24,29,34,17,39,41
003076,GOZZANO,0,2,19,33,42,49,25,70,65
003077,GRANOZZO CON MONTICELLO,0,1,4,12,12,5,13,23,7
003079,GRIGNASCO,1,2,11,24,29,28,25,64,44
003082,INVORIO,0,1,24,63,45,41,44,83,48
003083,LANDIONA,0,0,0,2,3,2,1,2,2
003084,LESA,0,3,20,17,41,37,57,70,61
003088,MAGGIORA,0,0,4,8,18,10,8,18,15
003090,MANDELLO VITTA,0,0,0,1,0,0,1,4,5
003091,MARANO TICINO,0,0,12,32,14,9,13,29,8
003093,MASSINO VISCONTI,0,9,14,16,29,13,13,23,17
003095,MEINA,0,2,19,52,51,43,51,73,36
003097,MEZZOMERICO,0,0,3,16,14,5,10,6,8
003098,MIASINO,0,3,3,4,7,7,11,22,17
003100,MOMO,1,0,14,17,32,17,6,33,21
003103,NEBBIUNO,0,1,8,36,48,45,49,67,46
003104,NIBBIOLA,0,0,4,14,3,9,7,5,17
003106,NOVARA,9,62,391,1255,1503,1168,1052,1640,515
003108,OLEGGIO,7,10,125,268,235,148,128,169,84
003109,OLEGGIO CASTELLO,0,0,16,20,32,27,17,25,15
003112,ORTA SAN GIULIO,0,0,1,42,9,12,19,24,21
003114,PARUZZARO,0,0,71,59,36,21,24,17,16
003115,PELLA,0,10,3,19,20,16,12,17,37
003116,PETTENASCO,0,1,4,16,14,15,11,22,9
003119,PISANO,1,1,20,9,12,16,16,27,9
003120,POGNO,0,0,1,9,14,6,13,15,10
003121,POMBIA,0,0,11,40,34,19,20,16,18
003122,PRATO SESIA,0,2,5,12,10,12,7,22,17
003129,RECETTO,0,0,8,2,4,13,4,5,11
003130,ROMAGNANO SESIA,0,2,23,39,34,33,35,45,33
003131,ROMENTINO,0,1,50,172,106,59,35,54,32
003133,SAN MAURIZIO D'OPAGLIO,0,0,11,40,32,17,17,45,29
003134,SAN NAZZARO SESIA,0,0,2,6,2,4,4,8,6
003135,SAN PIETRO MOSEZZO,0,5,24,28,49,35,15,27,14
003138,SILLAVENGO,0,0,1,3,3,0,2,2,6
003139,SIZZANO,2,1,3,11,9,11,4,8,16
003140,SORISO,0,0,2,4,3,1,4,11,10
003141,SOZZAGO,0,2,12,11,10,10,3,11,9
003143,SUNO,0,2,42,22,17,16,12,34,22
003144,TERDOBBIATE,0,0,1,0,1,6,2,4,4
003146,TORNACO,0,0,2,6,12,4,5,13,7
003149,TRECATE,1,9,112,318,217,128,136,218,131
003153,VAPRIO D'AGOGNA,0,3,4,8,8,5,11,10,13
003154,VARALLO POMBIA,1,4,35,53,54,36,27,36,31
003157,VERUNO,0,3,9,33,17,13,13,29,14
003158,VESPOLATE,0,0,13,11,12,11,17,42,35
003159,VICOLUNGO,27,35,19,8,9,8,3,8,2
003164,VINZAGLIO,0,0,0,0,4,4,1,9,9
004001,ACCEGLIO,0,0,1,5,2,6,9,12,28
004002,AISONE,0,0,1,3,2,1,1,4,11
004003,ALBA,40,56,229,720,610,445,327,361,110
004004,ALBARETTO DELLA TORRE,0,0,1,3,2,3,1,6,1
004005,ALTO,0,0,0,0,0,2,2,2,4
004006,ARGENTERA,0,0,0,4,10,9,10,30,17
004007,ARGUELLO,0,0,0,0,1,2,1,4,4
004008,BAGNASCO,0,0,2,2,10,8,10,13,27
004009,BAGNOLO PIEMONTE,0,1,15,48,63,74,61,109,94
004010,BALDISSERO D'ALBA,0,0,1,11,15,9,6,16,10
004011,BARBARESCO,0,0,2,5,8,12,2,12,10
004012,BARGE,0,4,10,30,59,54,70,115,133
004013,BAROLO,0,3,4,12,8,5,7,7,5
004014,BASTIA MONDOVI',0,0,1,10,6,5,8,4,10
004015,BATTIFOLLO,0,0,0,1,0,0,0,0,5
004016,BEINETTE,0,5,51,44,47,41,26,31,8
004017,BELLINO,0,0,1,2,0,0,0,5,12
004018,BELVEDERE LANGHE,0,0,0,1,3,3,1,8,9
004019,BENE VAGIENNA,2,0,9,34,48,45,53,58,69
004020,BENEVELLO,0,0,0,1,4,5,8,9,2
004021,BERGOLO,0,0,0,0,0,0,0,1,6
004022,BERNEZZO,2,7,44,67,60,27,20,28,36
004023,BONVICINO,0,0,0,0,0,0,0,2,4
004024,BORGOMALE,0,0,0,1,0,1,0,6,7
004025,BORGO SAN DALMAZZO,11,3,119,260,223,162,141,179,65
004026,BOSIA,0,0,0,1,0,0,0,5,11
004027,BOSSOLASCO,0,1,0,7,6,8,5,18,21
004028,BOVES,3,3,56,102,110,76,62,85,80
004029,BRA,2,21,190,409,432,363,329,394,141
004030,BRIAGLIA,0,0,2,0,2,3,3,3,5
004031,BRIGA ALTA,0,0,0,1,0,0,0,2,11
004032,BRONDELLO,0,0,0,5,3,2,4,6,20
004033,BROSSASCO,0,0,2,15,20,7,2,12,26
004034,BUSCA,0,10,69,150,121,95,69,101,71
004035,CAMERANA,0,1,1,1,3,3,3,6,14
004036,CAMO,0,0,0,0,1,0,1,1,2
004037,CANALE,3,1,34,46,68,60,42,63,45
004038,CANOSIO,0,0,0,0,1,0,1,2,11
004039,CAPRAUNA,0,0,1,1,0,1,1,2,8
004040,CARAGLIO,0,5,23,74,114,83,69,77,57
004041,CARAMAGNA PIEMONTE,0,2,18,52,35,29,19,21,7
004042,CARDE',0,0,6,5,13,11,7,11,7
004043,CARRU',1,25,28,44,64,42,32,57,31
004044,CARTIGNANO,0,0,0,1,0,1,0,1,2
004045,CASALGRASSO,0,0,7,25,23,14,14,13,8
004046,CASTAGNITO,0,0,14,33,26,33,17,29,9
004047,CASTELDELFINO,0,0,1,1,1,3,13,12,12
004048,CASTELLAR,0,0,5,5,0,2,1,3,5
004049,CASTELLETTO STURA,1,0,9,11,4,11,11,11,11
004050,CASTELLETTO UZZONE,0,0,1,0,1,3,2,10,8
004051,CASTELLINALDO,0,0,1,8,16,4,5,8,4
004052,CASTELLINO TANARO,0,0,0,1,0,1,1,6,10
004053,CASTELMAGNO,0,0,0,0,0,0,3,5,22
004054,CASTELNUOVO DI CEVA,0,0,0,0,0,1,0,1,3
004055,CASTIGLIONE FALLETTO,0,6,11,6,2,7,3,6,3
004056,CASTIGLIONE TINELLA,0,0,0,2,5,2,5,6,6
004057,CASTINO,0,0,0,2,3,2,6,11,26
004058,CAVALLERLEONE,0,0,4,11,8,5,5,2,7
004059,CAVALLERMAGGIORE,0,1,23,71,60,41,48,76,23
004060,CELLE DI MACRA,0,0,0,0,0,0,1,1,11
004061,CENTALLO,0,3,33,81,121,58,37,48,45
004062,CERESOLE ALBA,0,0,11,16,12,15,15,23,13
004063,CERRETTO LANGHE,0,0,1,0,1,2,1,4,9
004064,CERVASCA,3,20,70,73,65,31,31,28,29
004065,CERVERE,1,0,10,24,30,28,16,16,7
004066,CEVA,0,1,25,38,79,71,62,84,63
004067,CHERASCO,0,5,91,208,193,111,83,82,65
004068,CHIUSA DI PESIO,0,2,26,32,42,41,28,50,70
004069,CIGLIE',0,0,0,0,1,0,1,0,5
004070,CISSONE,0,0,0,0,1,0,0,1,7
004071,CLAVESANA,0,2,1,4,1,3,6,12,28
004072,CORNELIANO D'ALBA,0,0,7,21,31,25,25,31,20
004073,CORTEMILIA,0,0,4,11,24,19,14,38,64
004074,COSSANO BELBO,0,0,2,4,2,1,9,14,23
004075,COSTIGLIOLE SALUZZO,0,0,14,38,44,27,22,34,46
004076,CRAVANZANA,0,0,0,0,1,2,5,12,12
004077,CRISSOLO,0,0,1,6,5,8,5,11,32
004078,CUNEO,9,64,409,800,912,694,559,636,277
004079,DEMONTE,0,1,2,21,18,14,14,19,62
004080,DIANO D'ALBA,2,1,25,42,44,35,32,33,18
004081,DOGLIANI,1,1,14,70,57,49,29,59,76
004082,DRONERO,0,8,13,40,64,59,60,82,99
004083,ELVA,0,0,0,0,1,1,0,1,7
004084,ENTRACQUE,0,2,7,16,44,36,36,35,29
004085,ENVIE,0,0,2,6,14,10,4,13,23
004086,FARIGLIANO,1,9,4,15,11,10,13,21,10
004087,FAULE,0,0,5,4,1,4,6,8,3
004088,FEISOGLIO,0,0,0,0,0,4,2,7,4
004089,FOSSANO,4,14,144,399,509,282,240,227,118
004090,FRABOSA SOPRANA,0,0,7,25,16,17,14,29,24
004091,FRABOSA SOTTANA,0,1,18,120,175,149,135,137,50
004092,FRASSINO,0,0,2,4,1,3,5,7,35
004093,GAIOLA,0,1,1,2,2,1,3,4,12
004094,GAMBASCA,0,0,0,1,5,0,2,3,8
004095,GARESSIO,0,0,7,16,20,15,19,37,112
004096,GENOLA,0,0,25,22,27,14,15,22,15
004097,GORZEGNO,0,0,0,1,1,0,2,3,9
004098,GOTTASECCA,0,0,1,0,0,1,0,0,2
004099,GOVONE,4,3,4,25,22,13,22,29,19
004100,GRINZANE CAVOUR,2,8,8,67,36,26,24,33,6
004101,GUARENE,0,2,93,48,37,31,30,39,21
004102,IGLIANO,0,0,0,0,0,1,0,0,6
004103,ISASCA,0,0,0,0,0,0,1,0,5
004104,LAGNASCO,0,0,9,6,10,10,10,13,13
004105,LA MORRA,3,1,12,57,35,30,33,48,34
004106,LEQUIO BERRIA,0,0,0,1,4,5,3,6,12
004107,LEQUIO TANARO,0,0,0,4,8,6,7,15,4
004108,LESEGNO,0,1,4,4,7,6,3,10,19
004109,LEVICE,0,0,0,0,0,0,1,2,16
004110,LIMONE PIEMONTE,0,4,43,111,175,145,96,158,46
004111,LISIO,0,0,0,0,0,0,2,3,11
004112,MACRA,0,0,0,0,0,0,3,0,12
004113,MAGLIANO ALFIERI,0,6,20,46,25,19,19,22,11
004114,MAGLIANO ALPI,2,1,1,6,5,12,9,12,32
004115,MANGO,0,0,0,4,11,9,10,24,24
004116,MANTA,3,2,42,80,60,46,45,39,16
004117,MARENE,0,1,21,68,57,40,33,47,15
004118,MARGARITA,0,0,2,19,15,8,7,13,15
004119,MARMORA,0,0,0,0,1,0,0,0,15
004120,MARSAGLIA,0,0,0,1,2,1,0,3,4
004121,MARTINIANA PO,0,1,1,2,11,7,5,6,24
004122,MELLE,0,0,3,4,1,3,3,3,28
004123,MOIOLA,0,0,0,2,1,0,0,4,10
004124,MOMBARCARO,0,0,1,0,3,1,1,3,17
004125,MOMBASIGLIO,0,0,0,3,7,4,3,8,12
004126,MONASTERO DI VASCO,0,0,4,11,11,11,5,10,25
004127,MONASTEROLO CASOTTO,0,0,0,1,0,1,2,3,4
004128,MONASTEROLO DI SAVIGLIANO,0,0,22,25,33,14,7,14,10
004129,MONCHIERO,0,0,2,6,4,7,4,7,12
004130,MONDOVI',5,48,212,373,453,332,285,308,185
004131,MONESIGLIO,0,0,1,5,2,3,2,8,16
004132,MONFORTE D'ALBA,1,1,7,25,32,16,26,27,43
004133,MONTA',2,0,23,40,46,49,39,35,48
004134,MONTALDO DI MONDOVI',0,0,5,2,19,16,24,41,24
004135,MONTALDO ROERO,0,0,0,2,4,6,14,13,11
004136,MONTANERA,0,0,0,4,2,2,7,4,7
004137,MONTELUPO ALBESE,0,0,0,1,2,2,5,9,7
004138,MONTEMALE DI CUNEO,0,1,0,1,1,0,0,3,15
004139,MONTEROSSO GRANA,0,0,1,4,11,5,18,17,45
004140,MONTEU ROERO,0,0,1,3,14,7,4,14,20
004141,MONTEZEMOLO,0,0,1,3,0,1,2,8,8
004142,MONTICELLO D'ALBA,1,1,13,20,32,20,21,30,23
004143,MORETTA,1,3,17,46,54,31,35,49,19
004144,MOROZZO,0,0,10,10,21,13,10,13,16
004145,MURAZZANO,0,0,1,7,8,6,8,16,20
004146,MURELLO,0,1,7,12,13,3,6,9,6
004147,NARZOLE,3,2,12,65,42,29,22,34,27
004148,NEIVE,0,0,10,70,23,31,18,50,29
004149,NEVIGLIE,0,0,0,3,3,1,0,13,3
004150,NIELLA BELBO,0,0,0,1,1,2,2,6,11
004151,NIELLA TANARO,0,0,0,2,5,7,10,26,26
004152,NOVELLO,0,6,2,6,7,13,12,18,22
004153,NUCETTO,0,0,1,4,0,4,1,5,8
004154,ONCINO,0,0,0,0,0,0,0,1,18
004155,ORMEA,0,0,5,17,13,7,11,37,89
004156,OSTANA,0,0,0,0,1,0,1,0,19
004157,PAESANA,0,1,6,16,20,11,16,43,104
004158,PAGNO,0,0,1,9,5,1,3,4,15
004159,PAMPARATO,0,0,0,4,5,4,10,23,35
004160,PAROLDO,0,0,0,0,0,0,0,0,4
004161,PERLETTO,0,0,1,1,2,0,1,1,8
004162,PERLO,0,0,0,0,0,0,2,1,6
004163,PEVERAGNO,0,5,39,66,58,56,48,57,69
004164,PEZZOLO VALLE UZZONE,0,0,0,1,1,2,1,0,7
004165,PIANFEI,0,2,25,22,18,19,16,17,22
004166,PIASCO,0,0,10,72,33,25,16,34,30
004167,PIETRAPORZIO,0,0,1,1,1,3,5,8,9
004168,PIOBESI D'ALBA,1,26,26,17,15,9,4,8,2
004169,PIOZZO,0,0,0,6,5,5,4,14,26
004170,POCAPAGLIA,1,0,13,54,35,20,25,20,18
004171,POLONGHERA,0,0,4,16,7,24,10,7,5
004172,PONTECHIANALE,0,2,10,21,10,20,18,19,34
004173,PRADLEVES,0,0,1,9,2,3,2,8,23
004174,PRAZZO,0,0,0,0,4,3,4,6,20
004175,PRIERO,0,3,10,10,3,7,1,7,14
004176,PRIOCCA,0,3,6,32,30,16,16,35,15
004177,PRIOLA,0,0,0,2,2,1,2,4,11
004178,PRUNETTO,0,0,0,1,0,1,1,7,23
004179,RACCONIGI,0,1,37,83,117,140,99,112,44
004180,REVELLO,0,8,23,29,36,26,31,50,45
004181,RIFREDDO,0,0,2,12,1,4,5,9,34
004182,RITTANA,0,0,2,0,2,0,1,2,9
004183,ROASCHIA,0,0,0,0,0,1,3,5,16
004184,ROASCIO,0,0,1,2,2,0,0,2,1
004185,ROBILANTE,0,1,5,24,25,22,21,27,40
004186,ROBURENT,2,10,12,19,38,49,31,50,66
004187,ROCCABRUNA,1,2,14,14,7,2,13,8,33
004188,ROCCA CIGLIE',0,0,0,0,0,1,2,2,6
004189,ROCCA DE' BALDI,0,1,3,4,5,5,7,5,13
004190,ROCCAFORTE MONDOVI',1,2,12,20,33,33,29,53,65
004191,ROCCASPARVERA,1,1,3,3,4,2,4,15,14
004192,ROCCAVIONE,0,0,6,25,34,37,36,47,40
004193,ROCCHETTA BELBO,0,0,0,0,1,1,1,5,3
004194,RODDI,1,0,6,32,27,9,12,17,8
004195,RODDINO,0,0,1,1,2,2,1,9,14
004196,RODELLO,0,0,1,5,7,8,8,8,5
004197,ROSSANA,0,0,0,2,12,4,7,13,44
004198,RUFFIA,0,0,3,2,1,2,3,4,3
004199,SALE DELLE LANGHE,0,1,0,2,2,2,8,5,10
004200,SALE SAN GIOVANNI,0,0,0,1,1,2,3,5,6
004201,SALICETO,0,1,2,6,7,4,3,12,23
004202,SALMOUR,0,0,6,6,7,4,2,9,8
004203,SALUZZO,9,31,108,279,355,211,177,202,106
004204,SAMBUCO,0,0,0,0,1,0,1,1,7
004205,SAMPEYRE,0,1,3,24,24,28,24,55,91
004206,SAN BENEDETTO BELBO,0,0,1,0,1,2,0,1,6
004207,SAN DAMIANO MACRA,0,0,1,0,0,2,1,4,21
004208,SANFRE',3,2,27,73,51,45,26,27,11
004209,SANFRONT,0,0,1,15,14,13,15,19,58
004210,SAN MICHELE MONDOVI',0,0,6,3,14,13,13,22,42
004211,SANT'ALBANO STURA,0,1,25,53,32,7,13,14,10
004212,SANTA VITTORIA D'ALBA,3,1,12,41,33,41,33,35,26
004213,SANTO STEFANO BELBO,2,0,8,24,50,37,46,69,39
004214,SANTO STEFANO ROERO,0,0,3,9,9,10,7,20,14
004215,SAVIGLIANO,0,2,95,294,320,236,182,204,85
004216,SCAGNELLO,0,1,0,0,0,0,0,2,4
004217,SCARNAFIGI,1,2,16,16,19,10,15,16,20
004218,SERRALUNGA D'ALBA,0,0,2,5,1,3,5,11,19
004219,SERRAVALLE LANGHE,0,0,0,4,2,2,4,4,19
004220,SINIO,1,1,1,0,3,1,5,7,11
004221,SOMANO,0,0,0,1,0,1,1,4,15
004222,SOMMARIVA DEL BOSCO,0,0,29,71,78,83,50,73,46
004223,SOMMARIVA PERNO,0,1,13,27,30,22,23,39,22
004224,STROPPO,0,0,0,1,0,1,3,1,22
004225,TARANTASCA,1,9,8,28,24,12,9,11,6
004226,TORRE BORMIDA,0,0,0,1,1,0,1,1,8
004227,TORRE MONDOVI',0,0,0,0,5,3,4,7,19
004228,TORRE SAN GIORGIO,1,1,12,14,5,4,1,9,6
004229,TORRESINA,0,0,0,0,0,0,0,0,3
004230,TREISO,1,0,6,7,10,3,4,9,8
004231,TREZZO TINELLA,0,0,3,0,1,2,6,6,7
004232,TRINITA',0,2,11,30,31,16,26,22,34
004233,VALDIERI,0,0,3,15,17,13,7,21,39
004234,VALGRANA,0,0,2,7,3,4,4,14,17
004235,VALLORIATE,0,0,0,0,0,1,1,4,20
004236,VALMALA,0,0,0,0,0,0,0,3,14
004237,VENASCA,1,0,1,20,23,14,9,17,46
004238,VERDUNO,0,1,1,12,6,3,4,9,1
004239,VERNANTE,0,0,7,27,39,22,32,27,30
004240,VERZUOLO,0,0,9,62,90,59,61,71,56
004241,VEZZA D'ALBA,0,0,24,12,13,9,13,39,19
004242,VICOFORTE,0,3,7,46,32,32,29,42,41
004243,VIGNOLO,0,9,23,32,29,20,14,10,19
004244,VILLAFALLETTO,0,6,10,17,33,23,15,33,17
004245,VILLANOVA MONDOVI',1,2,35,74,72,55,52,60,32
004246,VILLANOVA SOLARO,0,0,0,7,9,9,4,8,10
004247,VILLAR SAN COSTANZO,0,1,1,4,9,9,7,16,26
004248,VINADIO,0,0,3,5,6,7,7,17,28
004249,VIOLA,0,0,0,11,22,13,21,30,34
004250,VOTTIGNASCO,0,0,1,2,2,0,2,1,2
005001,AGLIANO TERME,0,2,5,10,9,16,13,23,37
005002,ALBUGNANO,0,0,3,5,2,4,8,5,14
005003,ANTIGNANO,0,0,1,4,5,7,17,12,12
005004,ARAMENGO,0,0,0,2,6,8,7,20,12
005005,ASTI,33,188,490,1044,1089,832,745,948,443
005006,AZZANO D'ASTI,0,3,1,3,3,5,1,11,4
005007,BALDICHIERI D'ASTI,0,1,1,10,11,13,8,14,6
005008,BELVEGLIO,0,0,0,3,2,1,3,10,13
005009,BERZANO DI SAN PIETRO,0,0,0,4,6,5,8,14,4
005010,BRUNO,0,0,1,2,3,5,5,8,8
005011,BUBBIO,1,0,3,1,1,1,6,10,13
005012,BUTTIGLIERA D'ASTI,0,1,44,29,45,22,24,31,20
005013,CALAMANDRANA,0,4,9,10,17,16,10,25,24
005014,CALLIANO,0,0,3,9,16,20,11,22,22
005015,CALOSSO,0,0,2,5,7,7,4,16,25
005016,CAMERANO CASASCO,0,0,1,15,5,10,3,6,10
005017,CANELLI,1,6,50,88,131,94,82,129,66
005018,CANTARANA,0,0,6,5,3,4,5,15,8
005019,CAPRIGLIO,0,0,0,0,0,3,9,6,3
005020,CASORZO,0,0,1,1,4,4,8,16,20
005021,CASSINASCO,0,3,0,3,5,4,8,15,13
005022,CASTAGNOLE DELLE LANZE,0,0,15,23,47,37,29,28,46
005023,CASTAGNOLE MONFERRATO,0,2,2,5,12,6,14,22,35
005024,CASTEL BOGLIONE,0,0,1,5,6,6,3,11,7
005025,CASTELL'ALFERO,0,0,22,26,41,35,28,42,19
005026,CASTELLERO,1,0,1,4,2,0,3,3,8
005027,CASTELLETTO MOLINA,0,1,2,1,2,0,0,8,5
005028,CASTELLO DI ANNONE,1,3,4,10,18,25,18,39,21
005029,CASTELNUOVO BELBO,0,0,2,3,6,1,6,9,8
005030,CASTELNUOVO CALCEA,0,0,2,6,8,2,3,7,14
005031,CASTELNUOVO DON BOSCO,1,2,23,44,51,57,39,54,29
005032,CASTEL ROCCHERO,0,0,0,1,5,4,4,9,5
005033,CELLARENGO,0,0,2,5,1,6,5,7,6
005034,CELLE ENOMONDO,0,0,3,0,3,0,5,5,13
005035,CERRETO D'ASTI,0,0,0,1,1,0,0,7,12
005036,CERRO TANARO,0,0,1,3,3,3,7,9,11
005037,CESSOLE,0,0,1,1,3,0,2,3,16
005038,CHIUSANO D'ASTI,0,0,0,2,0,3,4,3,6
005039,CINAGLIO,0,1,2,1,3,2,7,9,6
005040,CISTERNA D'ASTI,0,0,5,6,7,5,5,16,24
005041,COAZZOLO,0,0,0,1,1,0,1,1,6
005042,COCCONATO,0,0,7,28,35,24,25,37,29
005044,CORSIONE,0,0,2,3,0,0,5,3,3
005045,CORTANDONE,0,0,0,3,2,4,1,8,12
005046,CORTANZE,0,0,0,3,6,1,0,7,12
005047,CORTAZZONE,0,0,0,0,3,6,2,15,16
005048,CORTIGLIONE,0,0,0,2,4,3,6,8,4
005049,COSSOMBRATO,0,0,1,3,8,2,5,8,8
005050,COSTIGLIOLE D'ASTI,1,3,17,32,54,35,41,101,92
005051,CUNICO,0,0,1,5,3,5,8,15,6
005052,DUSINO SAN MICHELE,0,0,2,11,18,11,16,17,12
005053,FERRERE,0,1,8,12,23,17,19,21,12
005054,FONTANILE,0,0,5,2,4,1,4,6,6
005055,FRINCO,0,0,0,6,2,5,6,16,17
005056,GRANA,0,0,0,6,0,3,7,9,21
005057,GRAZZANO BADOGLIO,0,0,7,17,13,3,4,15,12
005058,INCISA SCAPACCINO,0,1,7,24,25,20,34,36,22
005059,ISOLA D'ASTI,0,2,10,7,14,13,20,50,30
005060,LOAZZOLO,0,0,1,1,1,3,2,5,9
005061,MARANZANA,0,0,0,0,0,0,2,9,10
005062,MARETTO,0,0,0,0,4,4,4,8,9
005063,MOASCA,0,0,5,4,1,3,6,4,6
005064,MOMBALDONE,0,0,0,0,0,1,1,0,1
005065,MOMBARUZZO,0,1,4,7,12,8,11,22,22
005066,MOMBERCELLI,0,2,4,16,22,20,21,31,16
005067,MONALE,0,0,6,5,12,5,10,17,12
005068,MONASTERO BORMIDA,0,0,0,3,2,5,12,15,21
005069,MONCALVO,0,0,6,31,61,45,45,66,31
005070,MONCUCCO TORINESE,0,0,7,10,7,4,11,11,12
005071,MONGARDINO,1,0,5,2,6,7,3,16,6
005072,MONTABONE,0,0,1,2,1,2,3,2,8
005073,MONTAFIA,0,0,0,3,6,11,9,20,20
005074,MONTALDO SCARAMPI,1,1,0,2,5,7,7,11,12
005075,MONTECHIARO D'ASTI,1,0,5,6,9,12,15,17,17
005076,MONTEGROSSO D'ASTI,0,0,15,35,30,23,25,44,27
005077,MONTEMAGNO,1,0,2,8,11,4,4,24,24
005079,MORANSENGO,0,0,0,0,0,0,2,3,2
005080,NIZZA MONFERRATO,17,13,41,150,183,134,144,139,62
005081,OLMO GENTILE,0,0,0,0,0,0,0,2,3
005082,PASSERANO MARMORITO,0,0,0,5,3,4,7,24,18
005083,PENANGO,0,0,2,7,2,5,7,7,11
005084,PIEA,0,0,0,1,5,5,10,6,6
005085,PINO D'ASTI,0,0,0,0,3,0,1,1,8
005086,PIOVA' MASSAIA,1,1,0,4,6,2,5,11,19
005087,PORTACOMARO,0,2,3,14,15,17,18,31,26
005088,QUARANTI,0,0,2,0,1,2,1,6,1
005089,REFRANCORE,0,0,4,17,19,12,19,36,13
005090,REVIGLIASCO D'ASTI,0,0,1,2,4,2,4,7,7
005091,ROATTO,0,0,0,1,2,4,1,6,8
005092,ROBELLA,0,0,3,2,5,8,3,11,10
005093,ROCCA D'ARAZZO,0,0,0,1,3,2,10,26,17
005094,ROCCAVERANO,0,0,0,2,1,2,2,9,18
005095,ROCCHETTA PALAFEA,0,0,1,1,2,3,3,3,6
005096,ROCCHETTA TANARO,0,0,2,9,12,8,14,28,31
005097,SAN DAMIANO D'ASTI,1,3,53,95,78,65,79,133,82
005098,SAN GIORGIO SCARAMPI,0,0,0,0,1,1,0,2,5
005099,SAN MARTINO ALFIERI,0,0,3,2,3,4,6,7,9
005100,SAN MARZANO OLIVETO,0,2,1,9,11,5,16,13,13
005101,SAN PAOLO SOLBRITO,0,0,8,1,7,9,10,10,11
005103,SCURZOLENGO,0,0,5,5,1,4,7,17,9
005104,SEROLE,0,1,0,0,0,1,0,2,8
005105,SESSAME,0,0,0,1,0,0,2,1,2
005106,SETTIME,0,0,0,1,5,3,14,18,6
006021,BOSCO MARENGO,0,0,5,3,13,19,21,30,33
006022,BOSIO,0,0,0,0,1,3,8,12,33
006023,BOZZOLE,0,0,0,2,3,2,6,4,1
006024,BRIGNANO-FRASCATA,0,0,0,4,4,0,2,9,12
006025,CABELLA LIGURE,0,0,0,1,2,2,2,14,49
006026,CAMAGNA MONFERRATO,0,0,3,1,1,5,0,5,5
006027,CAMINO,0,1,0,5,6,12,4,22,21
006028,CANTALUPO LIGURE,0,0,1,4,3,3,0,6,21
006029,CAPRIATA D'ORBA,0,6,9,37,21,15,14,27,18
006030,CARBONARA SCRIVIA,2,2,8,17,16,10,9,15,11
006031,CARENTINO,0,0,0,1,0,1,2,3,5
006032,CAREZZANO,0,0,1,2,1,3,3,7,19
006033,CARPENETO,0,1,7,22,5,7,10,19,20
006034,CARREGA LIGURE,0,0,0,0,0,0,0,1,31
006035,CARROSIO,0,1,4,0,1,0,3,7,9
006036,CARTOSIO,0,0,1,3,6,3,5,13,25
006037,CASAL CERMELLI,0,0,2,6,10,4,14,8,6
006038,CASALEGGIO BOIRO,0,0,1,0,4,5,5,6,5
006039,CASALE MONFERRATO,7,9,102,335,491,398,346,528,283
006040,CASALNOCETO,0,0,6,9,7,10,13,15,11
006041,CASASCO,0,0,0,0,0,1,0,3,6
006042,CASSANO SPINOLA,0,1,1,16,8,12,8,25,14
006043,CASSINE,0,0,16,23,25,29,13,27,23
006044,CASSINELLE,0,2,0,7,8,4,6,14,34
006045,CASTELLANIA,0,0,0,3,1,0,0,1,6
006046,CASTELLAR GUIDOBONO,0,3,3,3,5,3,6,5,3
006047,CASTELLAZZO BORMIDA,2,3,17,59,39,25,34,27,28
006048,CASTELLETTO D'ERRO,0,0,0,1,2,1,0,1,7
006049,CASTELLETTO D'ORBA,0,0,3,31,16,14,16,28,29
006050,CASTELLETTO MERLI,0,0,0,5,4,7,6,19,13
006051,CASTELLETTO MONFERRATO,0,0,5,20,19,20,16,11,4
006052,CASTELNUOVO BORMIDA,0,0,1,6,8,4,5,8,23
006053,CASTELNUOVO SCRIVIA,0,7,11,27,44,26,20,41,22
006054,CASTELSPINA,0,0,0,0,0,2,1,5,6
006055,CAVATORE,0,0,1,1,0,2,0,5,7
006056,CELLA MONTE,0,0,0,3,7,4,3,9,14
006057,CERESETO,0,0,1,1,2,1,4,8,10
006058,CERRETO GRUE,0,0,1,1,1,0,0,9,6
006059,CERRINA MONFERRATO,0,0,4,6,9,6,4,25,15
006060,CONIOLO,0,0,1,7,4,5,4,7,13
006061,CONZANO,0,0,4,5,9,6,5,25,10
006062,COSTA VESCOVATO,0,1,2,2,3,3,2,4,9
006063,CREMOLINO,0,0,1,12,10,7,10,23,24
006064,CUCCARO MONFERRATO,0,0,1,1,0,2,5,11,5
006065,DENICE,0,0,0,0,0,1,0,7,5
006066,DERNICE,0,0,0,2,0,2,1,3,7
006067,FABBRICA CURONE,0,0,1,4,2,2,11,17,22
006068,FELIZZANO,0,1,3,6,8,6,13,8,15
006069,FRACONALTO,0,0,0,0,3,2,1,7,11
006070,FRANCAVILLA BISIO,0,2,1,8,1,5,3,4,5
006071,FRASCARO,0,0,1,2,0,2,2,1,4
006072,FRASSINELLO MONFERRATO,0,0,0,1,1,7,4,10,10
006073,FRASSINETO PO,0,0,4,6,5,3,6,9,12
006074,FRESONARA,0,0,4,5,3,5,6,11,4
006075,FRUGAROLO,0,1,6,14,8,14,5,18,11
006076,FUBINE,0,0,5,27,57,13,19,27,19
006077,GABIANO,1,0,3,3,2,2,4,23,16
006078,GAMALERO,0,1,4,4,4,3,5,15,4
006079,GARBAGNA,0,0,0,1,3,2,4,8,11
006080,GAVAZZANA,0,1,4,0,1,2,2,3,3
006081,GAVI,2,1,40,55,40,42,37,90,69
006082,GIAROLE,0,0,5,6,0,4,3,7,2
006083,GREMIASCO,0,0,0,0,1,1,2,7,12
006084,GROGNARDO,1,0,1,1,3,3,6,6,12
006085,GRONDONA,0,0,0,1,4,3,2,7,11
006086,GUAZZORA,0,0,0,0,0,1,1,4,1
006087,ISOLA SANT'ANTONIO,0,0,2,4,3,5,4,10,4
006088,LERMA,0,0,1,6,11,9,14,14,19
006089,LU,0,0,1,4,15,8,8,18,19
006090,MALVICINO,0,0,0,1,2,0,0,0,5
006091,MASIO,0,0,1,10,19,13,12,4,5
006092,MELAZZO,1,0,3,8,7,4,2,15,30
006093,MERANA,0,0,0,0,1,1,1,4,11
006094,MIRABELLO MONFERRATO,0,0,3,1,5,4,10,21,11
006095,MOLARE,2,2,0,13,16,14,14,23,32
006096,MOLINO DEI TORTI,0,0,1,1,5,3,3,9,1
006097,MOMBELLO MONFERRATO,0,0,3,1,1,6,10,18,20
006098,MOMPERONE,0,0,2,1,1,2,2,3,3
006099,MONCESTINO,0,0,0,0,2,3,4,8,10
006100,MONGIARDINO LIGURE,0,0,1,0,3,0,1,5,18
006101,MONLEALE,0,0,1,1,4,6,8,6,6
006102,MONTACUTO,0,0,1,1,0,1,1,5,14
006103,MONTALDEO,0,0,0,0,0,0,1,2,6
006104,MONTALDO BORMIDA,0,1,0,4,4,7,4,9,12
006105,MONTECASTELLO,0,0,0,0,4,3,3,5,3
006106,MONTECHIARO D'ACQUI,0,0,0,6,4,2,4,3,8
006107,MONTEGIOCO,0,0,1,0,5,1,1,3,2
006108,MONTEMARZINO,0,0,0,1,1,0,3,3,8
006109,MORANO SUL PO,0,0,3,3,3,9,6,20,16
006110,MORBELLO,0,0,0,2,1,2,0,9,21
006111,MORNESE,0,0,2,4,5,3,3,10,14
006112,MORSASCO,0,0,1,2,3,2,4,9,15
006113,MURISENGO,0,0,1,10,16,9,10,43,32
006114,NOVI LIGURE,20,50,134,241,337,245,197,280,159
006115,OCCIMIANO,0,1,4,6,15,12,7,17,9
006116,ODALENGO GRANDE,0,0,1,0,1,6,3,11,12
006117,ODALENGO PICCOLO,0,0,0,2,3,2,9,7,3
006118,OLIVOLA,0,0,0,1,2,0,2,3,2
006119,ORSARA BORMIDA,0,0,1,4,4,3,2,6,7
006120,OTTIGLIO,0,0,1,5,2,3,3,8,20
006121,OVADA,1,6,54,148,207,124,92,133,80
006122,OVIGLIO,0,0,6,7,3,8,5,11,9
006123,OZZANO MONFERRATO,0,0,10,6,3,10,6,17,25
006124,PADERNA,0,0,1,0,1,1,1,1,1
006125,PARETO,0,0,0,4,4,0,3,10,21
006126,PARODI LIGURE,0,0,1,1,3,4,2,10,31
006127,PASTURANA,1,2,50,19,11,4,3,10,2
006128,PECETTO DI VALENZA,0,0,3,7,3,9,10,9,13
006129,PIETRA MARAZZI,0,0,0,3,4,7,5,4,14
006130,PIOVERA,0,0,3,5,6,4,5,10,4
006131,POMARO MONFERRATO,0,0,1,2,1,6,1,4,5
006132,PONTECURONE,0,0,10,29,44,53,36,44,53
006133,PONTESTURA,0,0,3,9,6,10,18,23,20
006134,PONTI,0,2,3,3,2,2,3,11,19
006135,PONZANO MONFERRATO,0,0,0,2,2,3,6,3,5
006136,PONZONE,0,0,0,4,11,8,7,29,75
006137,POZZOL GROPPO,0,0,1,1,2,4,4,11,3
006138,POZZOLO FORMIGARO,2,1,19,51,29,33,27,40,46
006139,PRASCO,0,0,0,2,6,3,3,4,11
006140,PREDOSA,3,1,5,7,15,9,12,16,24
006141,QUARGNENTO,0,0,7,15,13,13,11,17,4
006142,QUATTORDIO,1,0,4,8,7,12,5,12,13
006143,RICALDONE,0,0,0,3,3,4,2,7,6
006144,RIVALTA BORMIDA,0,0,2,9,13,12,10,11,19
006145,RIVARONE,0,1,0,7,6,3,1,3,3
006146,ROCCAFORTE LIGURE,0,0,0,0,1,1,1,2,8
006147,ROCCA GRIMALDA,0,2,17,8,9,12,14,10,20
006148,ROCCHETTA LIGURE,0,0,1,1,1,1,2,2,6
006149,ROSIGNANO MONFERRATO,1,0,7,17,9,6,7,24,13
006150,SALA MONFERRATO,0,0,1,0,2,1,3,10,6
006151,SALE,1,2,15,18,28,28,21,35,24
006152,SAN CRISTOFORO,0,0,0,1,1,3,4,3,15
006153,SAN GIORGIO MONFERRATO,0,1,5,7,14,14,8,12,7
006154,SAN SALVATORE MONFERRATO,1,0,15,32,38,33,37,37,20
006155,SAN SEBASTIANO CURONE,0,0,1,4,7,4,2,8,4
006156,SANT'AGATA FOSSILI,0,0,0,0,2,0,1,3,7
006157,SARDIGLIANO,0,0,2,4,0,0,1,4,9
006158,SAREZZANO,0,1,4,5,7,7,6,13,13
006159,SERRALUNGA DI CREA,0,0,0,2,1,11,3,11,11
006160,SERRAVALLE SCRIVIA,5,26,43,76,50,48,48,53,44
006161,SEZZADIO,0,1,0,6,4,10,7,15,16
006162,SILVANO D'ORBA,0,0,11,18,33,17,24,43,23
006163,SOLERO,0,0,8,16,12,17,7,17,13
006164,SOLONGHELLO,0,0,0,2,1,0,2,4,7
006165,SPIGNO MONFERRATO,1,0,1,1,4,2,5,9,30
006166,SPINETO SCRIVIA,0,0,0,2,4,3,2,4,5
006167,STAZZANO,1,2,19,33,27,23,13,31,25
006168,STREVI,0,0,9,7,18,8,15,18,24
006169,TAGLIOLO MONFERRATO,1,2,7,11,16,9,12,16,18
006170,TASSAROLO,0,1,7,8,9,3,6,15,13
006171,TERRUGGIA,0,1,4,9,13,3,1,4,12
006172,TERZO,0,0,11,4,8,0,3,10,3
006173,TICINETO,0,0,1,13,6,12,10,24,8
006174,TORTONA,8,55,202,349,440,355,287,352,155
006175,TREVILLE,0,0,0,5,0,2,1,2,4
006176,TRISOBBIO,0,1,5,1,2,2,4,10,16
006177,VALENZA,3,7,61,285,367,221,238,303,122
006178,VALMACCA,0,0,2,1,7,10,7,14,17
006179,VIGNALE MONFERRATO,2,0,2,6,17,18,14,26,29
006180,VIGNOLE BORBERA,0,0,18,19,16,8,17,29,18
006181,VIGUZZOLO,0,1,5,27,30,31,26,22,22
006182,VILLADEATI,0,0,0,2,2,4,5,9,23
006183,VILLALVERNIA,0,0,1,7,8,7,8,13,3
006184,VILLAMIROGLIO,0,0,0,0,0,2,4,9,12
006185,VILLANOVA MONFERRATO,0,1,1,11,12,18,18,16,21
006186,VILLAROMAGNANO,0,1,1,7,4,7,2,7,7
006187,VISONE,0,3,2,6,17,12,16,13,23
006188,VOLPEDO,0,0,3,13,7,8,8,16,9
006189,VOLPEGLINO,0,0,0,0,0,1,1,5,3
006190,VOLTAGGIO,0,0,0,4,7,4,6,12,22
096001,AILOCHE,0,0,2,1,2,1,2,10,9
096002,ANDORNO MICCA,0,1,10,20,37,25,36,46,37
096003,BENNA,0,0,8,4,10,6,4,14,14
096004,BIELLA,11,23,201,724,956,684,538,724,360
096005,BIOGLIO,0,0,1,0,5,8,4,20,23
096006,BORRIANA,1,2,1,8,6,7,3,5,10
096007,BRUSNENGO,0,0,0,6,7,18,10,23,28
096008,CALLABIANA,0,0,0,1,0,0,2,2,8
096009,CAMANDONA,0,0,0,0,2,2,2,7,17
096010,CAMBURZANO,0,0,4,4,17,7,2,13,8
096011,CAMPIGLIA CERVO,0,1,2,0,2,0,4,5,13
096012,CANDELO,1,2,26,70,56,57,66,76,77
096013,CAPRILE,1,0,0,1,0,0,5,3,7
096014,CASAPINTA,0,0,0,0,0,5,7,6,6
096015,CASTELLETTO CERVO,0,2,5,2,1,1,6,7,9
096016,CAVAGLIA',0,0,9,14,30,25,25,39,35
096017,CERRETO CASTELLO,0,0,1,6,10,5,3,7,3
096018,CERRIONE,0,1,8,18,27,20,23,46,25
096019,COGGIOLA,0,0,6,6,14,10,8,23,24
096020,COSSATO,0,6,53,159,204,148,113,196,130
096021,CREVACUORE,0,0,4,6,13,6,14,33,21
096022,CROSA,0,0,1,0,0,2,3,6,9
096023,CURINO,0,0,1,1,1,4,2,12,22
096024,DONATO,0,0,0,0,3,4,5,9,18
096025,DORZANO,0,1,5,5,8,12,12,14,5
096026,GAGLIANICO,1,2,23,36,77,36,44,50,15
096027,GIFFLENGA,0,0,0,0,0,0,0,0,3
096028,GRAGLIA,0,2,4,12,16,21,19,22,40
096029,LESSONA,3,3,6,17,14,12,10,25,28
096030,MAGNANO,0,0,0,1,1,4,6,9,29
096031,MASSAZZA,0,0,3,12,2,2,4,10,11
096032,MASSERANO,0,1,4,13,18,8,17,36,41
096033,MEZZANA MORTIGLIENGO,0,0,0,0,0,3,2,6,22
096034,MIAGLIANO,0,0,1,3,2,2,2,9,13
096035,MONGRANDO,1,2,8,26,26,30,31,46,44
096037,MOTTALCIATA,0,0,2,5,8,6,7,16,15
096038,MUZZANO,0,1,1,2,6,6,4,7,18
096039,NETRO,0,0,1,2,0,4,9,21,35
096040,OCCHIEPPO INFERIORE,0,0,15,26,26,36,18,52,29
096041,OCCHIEPPO SUPERIORE,0,0,6,20,27,11,13,30,28
096042,PETTINENGO,1,0,1,7,7,6,9,17,22
096043,PIATTO,0,1,0,2,2,3,7,8,4
096044,PIEDICAVALLO,0,0,0,0,0,1,2,2,30
096046,POLLONE,0,1,12,18,14,21,19,21,22
096047,PONDERANO,2,0,14,45,37,37,31,44,27
096048,PORTULA,0,0,0,3,1,8,6,11,16
096049,PRALUNGO,1,1,3,35,35,19,11,36,44
096050,PRAY,0,0,5,14,14,22,15,41,27
096051,QUAREGNA,0,2,26,13,23,12,16,16,10
096052,QUITTENGO,0,0,0,1,1,0,2,7,20
096053,RONCO BIELLESE,0,0,5,3,16,12,4,14,21
096054,ROPPOLO,0,3,7,10,10,10,9,17,12
096055,ROSAZZA,0,0,0,0,0,1,3,3,10
096056,SAGLIANO MICCA,1,0,5,14,31,19,17,36,32
096057,SALA BIELLESE,0,0,0,2,3,7,2,9,16
096058,SALUSSOLA,0,0,2,13,9,10,16,35,54
096059,SANDIGLIANO,0,2,13,14,27,28,29,27,9
096060,SAN PAOLO CERVO,0,0,1,0,0,0,0,2,4
096061,SELVE MARCONE,0,0,0,1,2,0,1,0,2
096062,SOPRANA,0,0,2,0,2,3,5,8,21
096063,SORDEVOLO,0,3,4,10,13,9,13,20,31
096064,SOSTEGNO,3,0,1,8,4,7,6,7,13
096065,STRONA,0,0,0,1,1,3,7,15,21
096066,TAVIGLIANO,0,0,5,4,12,5,5,13,18
096067,TERNENGO,0,0,0,2,1,6,3,1,5
096068,TOLLEGNO,1,0,7,18,39,27,25,38,29
096069,TORRAZZO,0,0,0,0,1,1,2,2,14
096070,TRIVERO,3,6,7,26,47,40,36,70,58
096071,VALDENGO,0,0,10,7,23,14,13,29,11
096072,VALLANZENGO,0,0,1,2,0,1,2,2,10
096073,VALLE MOSSO,0,4,17,16,14,21,30,52,58
096074,VALLE SAN NICOLAO,0,0,1,4,4,5,4,21,21
096075,VEGLIO,0,0,2,4,1,7,6,7,7
096076,VERRONE,0,0,13,14,17,15,12,24,14
096077,VIGLIANO BIELLESE,0,1,32,73,72,67,68,111,59
096078,VILLA DEL BOSCO,0,0,0,0,2,4,4,4,4
096079,VILLANOVA BIELLESE,0,0,7,0,0,1,1,2,0
096080,VIVERONE,0,0,7,10,18,17,17,45,32
096081,ZIMONE,0,0,0,0,3,4,3,12,7
096082,ZUBIENA,0,0,2,5,7,2,9,25,36
096083,ZUMAGLIA,0,0,0,6,11,13,6,9,9
096084,MOSSO,0,0,1,6,8,6,10,24,25
103001,ANTRONA SCHIERANCO,0,0,0,2,3,1,4,12,30
103002,ANZOLA D'OSSOLA,0,0,1,6,4,1,5,2,6
103003,ARIZZANO,0,1,4,17,14,18,23,48,20
103004,AROLA,0,0,0,0,1,0,1,4,7
103005,AURANO,0,0,0,0,0,1,1,0,12
103006,BACENO,1,1,3,3,6,6,3,14,32
103007,BANNIO ANZINO,0,0,1,1,2,1,4,4,21
103008,BAVENO,1,0,20,73,93,82,88,138,74
103009,BEE,0,0,5,17,11,14,15,27,32
103010,BELGIRATE,0,0,2,8,20,12,17,19,28
103011,BEURA-CARDEZZA,1,0,6,4,9,7,5,6,21
103012,BOGNANCO,1,0,0,0,4,4,9,16,18
103013,BROVELLO-CARPUGNINO,0,1,6,22,10,7,13,24,24
103014,CALASCA-CASTIGLIONE,0,0,0,1,0,1,2,2,14
103015,CAMBIASCA,0,0,8,18,10,17,13,9,16
103016,CANNERO RIVIERA,0,19,21,17,10,15,27,52,36
103017,CANNOBIO,0,3,36,38,47,66,82,134,118
103018,CAPREZZO,0,0,0,0,3,0,3,0,10
103019,CASALE CORTE CERRO,0,1,12,17,25,15,18,29,29
103020,CAVAGLIO-SPOCCIA,0,0,0,0,0,2,1,10,16
103021,CEPPO MORELLI,0,0,1,0,2,1,2,7,11
103022,CESARA,0,0,2,10,2,3,11,11,23
103023,COSSOGNO,0,0,1,2,2,6,3,17,33
103024,CRAVEGGIA,0,0,1,15,25,17,24,28,22
103025,CREVOLADOSSOLA,0,2,18,36,45,25,27,38,48
103026,CRODO,0,0,3,4,4,15,16,27,45
103027,CURSOLO-ORASSO,0,0,0,0,0,0,0,2,16
103028,DOMODOSSOLA,8,61,117,227,282,204,144,210,143
103029,DRUOGNO,0,0,4,17,7,12,11,22,19
103030,FALMENTA,0,0,0,0,0,0,0,3,14
103031,FORMAZZA,0,0,2,8,6,4,3,0,3
103032,GERMAGNO,0,0,0,0,0,1,0,2,6
103033,GHIFFA,0,10,12,55,45,31,52,67,36
103034,GIGNESE,0,0,12,5,29,22,17,45,39
103035,GRAVELLONA TOCE,3,4,63,67,88,86,79,110,77
103036,GURRO,0,0,0,1,1,3,1,6,25
103037,INTRAGNA,0,0,0,0,0,0,0,5,3
103038,LOREGLIA,0,0,0,0,1,0,0,0,5
103039,MACUGNAGA,0,0,9,18,23,19,18,43,19
103040,MADONNA DEL SASSO,0,0,0,5,2,4,11,7,28
103041,MALESCO,0,0,2,15,20,15,16,23,47
103042,MASERA,0,1,14,16,15,12,6,12,9
103043,MASSIOLA,0,0,0,0,0,0,0,0,5
103044,MERGOZZO,0,0,8,18,24,13,18,45,48
103045,MIAZZINA,0,0,0,1,3,3,6,7,18
103046,MONTECRESTESE,0,0,8,11,5,8,11,10,17
103047,MONTESCHENO,0,0,1,1,1,0,2,5,24
103048,NONIO,0,0,6,9,8,5,5,13,14
103049,OGGEBBIO,0,1,1,12,21,26,48,46,44
103050,OMEGNA,0,12,55,119,195,161,136,201,144
103051,ORNAVASSO,0,0,18,41,15,22,18,38,45
103052,PALLANZENO,0,0,1,3,4,5,6,8,17
103053,PIEDIMULERA,2,1,4,11,13,9,6,15,9
103054,PIEVE VERGONTE,0,0,1,8,9,7,12,23,29
103055,PREMENO,0,1,10,6,11,11,22,29,23
103056,PREMIA,0,0,1,1,4,2,5,14,36
103057,PREMOSELLO-CHIOVENDA,0,0,4,12,12,9,8,31,27
103058,QUARNA SOPRA,0,0,0,0,3,7,2,5,7
103059,QUARNA SOTTO,0,0,1,1,5,4,3,3,18
103060,RE,0,0,0,8,3,0,3,7,15
103061,SAN BERNARDINO VERBANO,0,0,2,9,20,14,10,16,23
103062,SANTA MARIA MAGGIORE,0,0,16,35,40,29,32,50,28
103063,SEPPIANA,0,0,0,0,0,0,1,0,5
103064,STRESA,0,12,50,55,103,99,121,240,161
103065,TOCENO,0,0,12,16,12,14,12,16,12
103066,TRAREGO VIGGIONA,0,1,0,1,9,4,10,16,47
103067,TRASQUERA,0,0,0,0,0,0,0,4,13
103068,TRONTANO,0,2,7,8,6,5,5,8,12
103069,VALSTRONA,0,0,0,2,1,1,1,13,17
103070,VANZONE CON SAN CARLO,0,3,3,11,2,2,2,5,16
103071,VARZO,0,0,5,26,20,18,16,32,78
103072,VERBANIA,1,19,146,353,446,451,437,606,359
103073,VIGANELLA,0,0,1,0,0,0,3,1,6
103074,VIGNONE,0,0,3,9,15,14,15,16,25
103075,VILLADOSSOLA,0,6,34,42,52,47,41,70,40
103076,VILLETTE,0,0,0,0,0,0,2,3,3
103077,VOGOGNA,0,0,3,19,8,4,8,12,33
002057,FOBELLO,0,0,0,0,0,0,0,4,11
002058,FONTANETTO PO,0,0,1,4,7,8,7,23,23
002059,FORMIGLIANA,0,0,0,2,2,8,6,5,8
002061,GATTINARA,0,0,19,36,53,49,38,110,83
002062,GHISLARENGO,0,0,0,3,11,2,7,9,10
002065,GREGGIO,0,0,2,1,0,2,2,5,1
002066,GUARDABOSONE,0,0,0,2,3,2,0,7,13
002067,LAMPORO,0,0,3,2,4,3,1,9,6
002068,LENTA,0,0,3,5,7,2,3,8,10
002070,LIGNANA,0,0,1,5,6,7,12,5,41
002071,LIVORNO FERRARIS,0,1,18,21,28,31,40,74,28
002072,LOZZOLO,0,1,1,2,6,3,0,4,12
002078,MOLLIA,0,0,0,2,5,5,5,12,8
002079,MONCRIVELLO,0,0,7,6,6,5,7,17,20
002082,MOTTA DE' CONTI,0,0,1,1,4,2,7,8,10
002088,OLCENENGO,0,0,14,16,5,7,6,8,5
002089,OLDENICO,0,0,0,1,0,2,2,0,5
002090,PALAZZOLO VERCELLESE,0,0,2,1,2,11,11,42,28
002091,PERTENGO,0,0,0,1,4,2,2,5,3
002093,PEZZANA,0,1,2,12,8,13,5,16,16
002096,PILA,0,0,2,3,5,3,3,8,8
002097,PIODE,0,0,0,6,3,2,4,10,4
002102,POSTUA,0,0,1,2,6,3,4,4,19
002104,PRAROLO,1,1,6,9,3,5,9,11,9
002107,QUARONA,1,0,16,24,48,33,27,38,38
002108,QUINTO VERCELLESE,0,0,0,1,3,2,8,9,2
002110,RASSA,0,0,0,1,0,0,0,1,6
002111,RIMA SAN GIUSEPPE,0,1,0,0,3,4,0,0,5
002112,RIMASCO,0,0,0,0,4,6,1,3,6
002113,RIMELLA,0,0,0,0,0,0,0,0,10
002114,RIVA VALDOBBIA,2,12,1,5,7,6,4,9,11
002115,RIVE,0,0,1,3,0,2,5,8,2
002116,ROASIO,0,0,2,6,19,25,26,38,34
002118,RONSECCO,0,0,0,3,5,3,5,8,11
002121,ROSSA,0,0,0,0,0,0,0,4,12
002122,ROVASENDA,0,0,2,3,1,4,4,9,5
002123,SABBIA,0,0,0,0,0,0,0,0,6
002126,SALASCO,0,0,1,0,2,3,1,2,1
005107,SOGLIO,0,0,0,0,0,0,2,5,1
005108,TIGLIOLE,0,0,5,13,15,15,14,35,29
005109,TONCO,0,0,3,1,8,5,10,14,8
005110,TONENGO,0,0,0,3,2,1,4,5,7
005111,VAGLIO SERRA,0,0,0,1,2,2,2,6,1
005112,VALFENERA,0,3,16,37,43,31,33,36,23
005113,VESIME,0,0,0,1,1,2,5,3,14
005114,VIALE,0,0,0,0,1,0,1,4,7
005115,VIARIGI,0,0,1,1,6,5,7,17,19
005116,VIGLIANO D'ASTI,0,1,3,12,12,9,8,16,3
005117,VILLAFRANCA D'ASTI,2,3,9,24,37,35,31,54,27
005118,VILLANOVA D'ASTI,1,4,22,78,100,85,54,90,30
005119,VILLA SAN SECONDO,0,0,2,3,1,3,1,4,8
005120,VINCHIO,0,0,0,3,2,2,5,12,12
005121,MONTIGLIO MONFERRATO,1,2,7,19,12,16,10,37,42
006001,ACQUI TERME,7,26,141,298,331,250,185,221,150
006002,ALBERA LIGURE,0,0,0,0,3,1,6,4,14
006003,ALESSANDRIA,21,42,624,1554,1573,1089,824,900,394
006004,ALFIANO NATTA,1,1,5,5,13,7,8,11,18
006005,ALICE BEL COLLE,0,0,0,2,2,3,6,7,10
006006,ALLUVIONI CAMBIO',0,0,1,4,4,10,5,8,4
006007,ALTAVILLA MONFERRATO,0,0,1,3,1,4,4,4,6
006008,ALZANO SCRIVIA,0,0,0,2,2,2,0,4,1
006009,ARQUATA SCRIVIA,0,25,97,114,68,37,46,57,54
006010,AVOLASCA,0,0,0,1,0,1,1,9,6
006011,BALZOLA,0,1,0,1,6,9,2,18,19
006012,BASALUZZO,0,11,14,12,18,14,12,27,13
006013,BASSIGNANA,0,0,10,8,22,8,11,11,12
006014,BELFORTE MONFERRATO,0,0,6,5,5,5,5,10,9
006015,BERGAMASCO,0,0,0,3,3,12,6,10,10
006016,BERZANO DI TORTONA,0,0,1,4,1,2,0,0,4
006017,BISTAGNO,0,8,12,26,19,8,10,7,28
006018,BORGHETTO DI BORBERA,0,0,8,25,7,10,14,27,48
006019,BORGORATTO ALESSANDRINO,1,1,2,1,3,1,3,5,2
006020,BORGO SAN MARTINO,0,1,3,8,6,9,8,15,13